<?xml version="1.0"?>
<EmbeddedProfile xmlns:xsi="http://www.w3.org/2001/XMLSchema-instance" xmlns:xsd="http://www.w3.org/2001/XMLSchema">
  <ToolchainID>com.visualgdb.arm-eabi</ToolchainID>
  <ToolchainVersion>
    <GCC>10.3.1</GCC>
    <GDB>10.2.90</GDB>
    <Revision>1</Revision>
  </ToolchainVersion>
  <BspID>com.sysprogs.arm.stm32</BspID>
  <BspVersion>2022.01</BspVersion>
  <McuID>STM32H743ZI</McuID>
  <MCUDefinitionFile>STM32H7xxxx/DeviceDefinitions/stm32h743xx.xml</MCUDefinitionFile>
  <MCUProperties>
    <Entries>
      <KeyValue>
        <Key>com.sysprogs.bspoptions.primary_memory</Key>
        <Value>flash</Value>
      </KeyValue>
      <KeyValue>
        <Key>com.sysprogs.bspoptions.arm.floatmode</Key>
        <Value>-mfloat-abi=hard</Value>
      </KeyValue>
      <KeyValue>
        <Key>com.sysprogs.mcuoptions.ignore_startup_file</Key>
        <Value>1</Value>
      </KeyValue>
      <KeyValue>
        <Key>com.sysprogs.toolchainoptions.arm.libctype</Key>
        <Value>--specs=nano.specs -u _printf_float</Value>
      </KeyValue>
      <KeyValue>
        <Key>com.sysprogs.toolchainoptions.arm.syscallspecs</Key>
        <Value>--specs=nosys.specs</Value>
      </KeyValue>
    </Entries>
  </MCUProperties>
  <BSPSourceFolderName>Device-specific files</BSPSourceFolderName>
  <MCUMakFile>stm32.mak</MCUMakFile>
  <ReferencedFrameworks />
  <FrameworkProperties>
    <Entries />
  </FrameworkProperties>
  <TestFrameworkProperties>
    <Entries />
  </TestFrameworkProperties>
  <ImportedProject>
    <ImporterID>com.sysprogs.project_importers.stm32.cubemx</ImporterID>
    <RelativeProjectPath>Traktor_NUCLEO.gpdsc</RelativeProjectPath>
    <AllDependencies>
      <ProjectDependency>
        <RelativePath>Traktor_NUCLEO.gpdsc</RelativePath>
        <Timestamp>132586580420000000</Timestamp>
      </ProjectDependency>
    </AllDependencies>
    <RootDirectory>
      <Subdirectories>
        <VirtualDirectorySnapshot>
          <Name>CORE</Name>
          <Files>
            <VirtualFileSnapshot>
              <RelativePath>Drivers\CMSIS\Include\core_cm7.h</RelativePath>
            </VirtualFileSnapshot>
          </Files>
        </VirtualDirectorySnapshot>
        <VirtualDirectorySnapshot>
          <Name>Startup</Name>
          <Files>
            <VirtualFileSnapshot>
              <RelativePath>Drivers\CMSIS\Device\ST\STM32H7xx\Include\stm32h7xx.h</RelativePath>
            </VirtualFileSnapshot>
            <VirtualFileSnapshot>
              <RelativePath>Drivers\CMSIS\Device\ST\STM32H7xx\Include\system_stm32h7xx.h</RelativePath>
            </VirtualFileSnapshot>
            <VirtualFileSnapshot>
              <RelativePath>Drivers\CMSIS\Device\ST\STM32H7xx\Source\Templates\system_stm32h7xx.c</RelativePath>
            </VirtualFileSnapshot>
          </Files>
        </VirtualDirectorySnapshot>
        <VirtualDirectorySnapshot>
          <Name>STM32Cube HAL</Name>
          <Subdirectories>
            <VirtualDirectorySnapshot>
              <Name>COMMON</Name>
              <Files>
                <VirtualFileSnapshot>
                  <RelativePath>Drivers\STM32H7xx_HAL_Driver\Inc\stm32h7xx_hal.h</RelativePath>
                </VirtualFileSnapshot>
                <VirtualFileSnapshot>
                  <RelativePath>Drivers\STM32H7xx_HAL_Driver\Src\stm32h7xx_hal.c</RelativePath>
                </VirtualFileSnapshot>
                <VirtualFileSnapshot>
                  <RelativePath>Drivers\STM32H7xx_HAL_Driver\Inc\stm32h7xx_hal.h</RelativePath>
                </VirtualFileSnapshot>
                <VirtualFileSnapshot>
                  <RelativePath>Drivers\STM32H7xx_HAL_Driver\Inc\stm32h7xx_hal_def.h</RelativePath>
                </VirtualFileSnapshot>
                <VirtualFileSnapshot>
                  <RelativePath>Drivers\STM32H7xx_HAL_Driver\Src\stm32h7xx_hal.c</RelativePath>
                </VirtualFileSnapshot>
                <VirtualFileSnapshot>
                  <RelativePath>Drivers\STM32H7xx_HAL_Driver\Inc\Legacy\stm32_hal_legacy.h</RelativePath>
                </VirtualFileSnapshot>
              </Files>
            </VirtualDirectorySnapshot>
            <VirtualDirectorySnapshot>
              <Name>ADC</Name>
              <Files>
                <VirtualFileSnapshot>
                  <RelativePath>Drivers\STM32H7xx_HAL_Driver\Inc\stm32h7xx_hal_adc.h</RelativePath>
                </VirtualFileSnapshot>
                <VirtualFileSnapshot>
                  <RelativePath>Drivers\STM32H7xx_HAL_Driver\Inc\stm32h7xx_hal_adc_ex.h</RelativePath>
                </VirtualFileSnapshot>
                <VirtualFileSnapshot>
                  <RelativePath>Drivers\STM32H7xx_HAL_Driver\Inc\stm32h7xx_ll_adc.h</RelativePath>
                </VirtualFileSnapshot>
                <VirtualFileSnapshot>
                  <RelativePath>Drivers\STM32H7xx_HAL_Driver\Src\stm32h7xx_hal_adc.c</RelativePath>
                </VirtualFileSnapshot>
                <VirtualFileSnapshot>
                  <RelativePath>Drivers\STM32H7xx_HAL_Driver\Src\stm32h7xx_hal_adc_ex.c</RelativePath>
                </VirtualFileSnapshot>
              </Files>
            </VirtualDirectorySnapshot>
            <VirtualDirectorySnapshot>
              <Name>EXTI</Name>
              <Files>
                <VirtualFileSnapshot>
                  <RelativePath>Drivers\STM32H7xx_HAL_Driver\Inc\stm32h7xx_hal_exti.h</RelativePath>
                </VirtualFileSnapshot>
                <VirtualFileSnapshot>
                  <RelativePath>Drivers\STM32H7xx_HAL_Driver\Src\stm32h7xx_hal_exti.c</RelativePath>
                </VirtualFileSnapshot>
              </Files>
            </VirtualDirectorySnapshot>
            <VirtualDirectorySnapshot>
              <Name>UART</Name>
              <Files>
                <VirtualFileSnapshot>
                  <RelativePath>Drivers\STM32H7xx_HAL_Driver\Inc\stm32h7xx_hal_uart.h</RelativePath>
                </VirtualFileSnapshot>
                <VirtualFileSnapshot>
                  <RelativePath>Drivers\STM32H7xx_HAL_Driver\Inc\stm32h7xx_hal_uart_ex.h</RelativePath>
                </VirtualFileSnapshot>
                <VirtualFileSnapshot>
                  <RelativePath>Drivers\STM32H7xx_HAL_Driver\Src\stm32h7xx_hal_uart.c</RelativePath>
                </VirtualFileSnapshot>
                <VirtualFileSnapshot>
                  <RelativePath>Drivers\STM32H7xx_HAL_Driver\Src\stm32h7xx_hal_uart_ex.c</RelativePath>
                </VirtualFileSnapshot>
              </Files>
            </VirtualDirectorySnapshot>
            <VirtualDirectorySnapshot>
              <Name>PWR</Name>
              <Files>
                <VirtualFileSnapshot>
                  <RelativePath>Drivers\STM32H7xx_HAL_Driver\Inc\stm32h7xx_hal_pwr.h</RelativePath>
                </VirtualFileSnapshot>
                <VirtualFileSnapshot>
                  <RelativePath>Drivers\STM32H7xx_HAL_Driver\Inc\stm32h7xx_hal_pwr_ex.h</RelativePath>
                </VirtualFileSnapshot>
                <VirtualFileSnapshot>
                  <RelativePath>Drivers\STM32H7xx_HAL_Driver\Src\stm32h7xx_hal_pwr.c</RelativePath>
                </VirtualFileSnapshot>
                <VirtualFileSnapshot>
                  <RelativePath>Drivers\STM32H7xx_HAL_Driver\Src\stm32h7xx_hal_pwr_ex.c</RelativePath>
                </VirtualFileSnapshot>
              </Files>
            </VirtualDirectorySnapshot>
            <VirtualDirectorySnapshot>
              <Name>RNG</Name>
              <Files>
                <VirtualFileSnapshot>
                  <RelativePath>Drivers\STM32H7xx_HAL_Driver\Inc\stm32h7xx_hal_rng.h</RelativePath>
                </VirtualFileSnapshot>
                <VirtualFileSnapshot>
                  <RelativePath>Drivers\STM32H7xx_HAL_Driver\Src\stm32h7xx_hal_rng.c</RelativePath>
                </VirtualFileSnapshot>
                <VirtualFileSnapshot>
                  <RelativePath>Drivers\STM32H7xx_HAL_Driver\Inc\stm32h7xx_hal_rng_ex.h</RelativePath>
                </VirtualFileSnapshot>
                <VirtualFileSnapshot>
                  <RelativePath>Drivers\STM32H7xx_HAL_Driver\Src\stm32h7xx_hal_rng_ex.c</RelativePath>
                </VirtualFileSnapshot>
              </Files>
            </VirtualDirectorySnapshot>
            <VirtualDirectorySnapshot>
              <Name>FLASH</Name>
              <Files>
                <VirtualFileSnapshot>
                  <RelativePath>Drivers\STM32H7xx_HAL_Driver\Inc\stm32h7xx_hal_flash.h</RelativePath>
                </VirtualFileSnapshot>
                <VirtualFileSnapshot>
                  <RelativePath>Drivers\STM32H7xx_HAL_Driver\Inc\stm32h7xx_hal_flash_ex.h</RelativePath>
                </VirtualFileSnapshot>
                <VirtualFileSnapshot>
                  <RelativePath>Drivers\STM32H7xx_HAL_Driver\Src\stm32h7xx_hal_flash.c</RelativePath>
                </VirtualFileSnapshot>
                <VirtualFileSnapshot>
                  <RelativePath>Drivers\STM32H7xx_HAL_Driver\Src\stm32h7xx_hal_flash_ex.c</RelativePath>
                </VirtualFileSnapshot>
              </Files>
            </VirtualDirectorySnapshot>
            <VirtualDirectorySnapshot>
              <Name>SPI</Name>
              <Files>
                <VirtualFileSnapshot>
                  <RelativePath>Drivers\STM32H7xx_HAL_Driver\Inc\stm32h7xx_hal_spi.h</RelativePath>
                </VirtualFileSnapshot>
                <VirtualFileSnapshot>
                  <RelativePath>Drivers\STM32H7xx_HAL_Driver\Inc\stm32h7xx_hal_spi_ex.h</RelativePath>
                </VirtualFileSnapshot>
                <VirtualFileSnapshot>
                  <RelativePath>Drivers\STM32H7xx_HAL_Driver\Src\stm32h7xx_hal_spi.c</RelativePath>
                </VirtualFileSnapshot>
                <VirtualFileSnapshot>
                  <RelativePath>Drivers\STM32H7xx_HAL_Driver\Src\stm32h7xx_hal_spi_ex.c</RelativePath>
                </VirtualFileSnapshot>
              </Files>
            </VirtualDirectorySnapshot>
            <VirtualDirectorySnapshot>
              <Name>GPIO</Name>
              <Files>
                <VirtualFileSnapshot>
                  <RelativePath>Drivers\STM32H7xx_HAL_Driver\Inc\stm32h7xx_hal_gpio.h</RelativePath>
                </VirtualFileSnapshot>
                <VirtualFileSnapshot>
                  <RelativePath>Drivers\STM32H7xx_HAL_Driver\Src\stm32h7xx_hal_gpio.c</RelativePath>
                </VirtualFileSnapshot>
                <VirtualFileSnapshot>
                  <RelativePath>Drivers\STM32H7xx_HAL_Driver\Inc\stm32h7xx_hal_gpio_ex.h</RelativePath>
                </VirtualFileSnapshot>
              </Files>
            </VirtualDirectorySnapshot>
            <VirtualDirectorySnapshot>
              <Name>MDMA</Name>
              <Files>
                <VirtualFileSnapshot>
                  <RelativePath>Drivers\STM32H7xx_HAL_Driver\Inc\stm32h7xx_hal_mdma.h</RelativePath>
                </VirtualFileSnapshot>
                <VirtualFileSnapshot>
                  <RelativePath>Drivers\STM32H7xx_HAL_Driver\Src\stm32h7xx_hal_mdma.c</RelativePath>
                </VirtualFileSnapshot>
              </Files>
            </VirtualDirectorySnapshot>
            <VirtualDirectorySnapshot>
              <Name>PCD</Name>
              <Files>
                <VirtualFileSnapshot>
                  <RelativePath>Drivers\STM32H7xx_HAL_Driver\Inc\stm32h7xx_hal_pcd.h</RelativePath>
                </VirtualFileSnapshot>
                <VirtualFileSnapshot>
                  <RelativePath>Drivers\STM32H7xx_HAL_Driver\Inc\stm32h7xx_hal_pcd_ex.h</RelativePath>
                </VirtualFileSnapshot>
                <VirtualFileSnapshot>
                  <RelativePath>Drivers\STM32H7xx_HAL_Driver\Src\stm32h7xx_hal_pcd.c</RelativePath>
                </VirtualFileSnapshot>
                <VirtualFileSnapshot>
                  <RelativePath>Drivers\STM32H7xx_HAL_Driver\Src\stm32h7xx_hal_pcd_ex.c</RelativePath>
                </VirtualFileSnapshot>
                <VirtualFileSnapshot>
                  <RelativePath>Drivers\STM32H7xx_HAL_Driver\Inc\stm32h7xx_ll_usb.h</RelativePath>
                </VirtualFileSnapshot>
                <VirtualFileSnapshot>
                  <RelativePath>Drivers\STM32H7xx_HAL_Driver\Src\stm32h7xx_ll_usb.c</RelativePath>
                </VirtualFileSnapshot>
              </Files>
            </VirtualDirectorySnapshot>
            <VirtualDirectorySnapshot>
              <Name>HSEM</Name>
              <Files>
                <VirtualFileSnapshot>
                  <RelativePath>Drivers\STM32H7xx_HAL_Driver\Inc\stm32h7xx_hal_hsem.h</RelativePath>
                </VirtualFileSnapshot>
                <VirtualFileSnapshot>
                  <RelativePath>Drivers\STM32H7xx_HAL_Driver\Src\stm32h7xx_hal_hsem.c</RelativePath>
                </VirtualFileSnapshot>
              </Files>
            </VirtualDirectorySnapshot>
            <VirtualDirectorySnapshot>
              <Name>RCC</Name>
              <Files>
                <VirtualFileSnapshot>
                  <RelativePath>Drivers\STM32H7xx_HAL_Driver\Inc\stm32h7xx_hal_rcc.h</RelativePath>
                </VirtualFileSnapshot>
                <VirtualFileSnapshot>
                  <RelativePath>Drivers\STM32H7xx_HAL_Driver\Inc\stm32h7xx_hal_rcc_ex.h</RelativePath>
                </VirtualFileSnapshot>
                <VirtualFileSnapshot>
                  <RelativePath>Drivers\STM32H7xx_HAL_Driver\Src\stm32h7xx_hal_rcc.c</RelativePath>
                </VirtualFileSnapshot>
                <VirtualFileSnapshot>
                  <RelativePath>Drivers\STM32H7xx_HAL_Driver\Src\stm32h7xx_hal_rcc_ex.c</RelativePath>
                </VirtualFileSnapshot>
              </Files>
            </VirtualDirectorySnapshot>
            <VirtualDirectorySnapshot>
              <Name>MPU</Name>
              <Files>
                <VirtualFileSnapshot>
                  <RelativePath>Drivers\STM32H7xx_HAL_Driver\Inc\stm32h7xx_hal_cortex.h</RelativePath>
                </VirtualFileSnapshot>
                <VirtualFileSnapshot>
                  <RelativePath>Drivers\STM32H7xx_HAL_Driver\Src\stm32h7xx_hal_cortex.c</RelativePath>
                </VirtualFileSnapshot>
              </Files>
            </VirtualDirectorySnapshot>
            <VirtualDirectorySnapshot>
              <Name>CORTEX</Name>
              <Files>
                <VirtualFileSnapshot>
                  <RelativePath>Drivers\STM32H7xx_HAL_Driver\Inc\stm32h7xx_hal_cortex.h</RelativePath>
                </VirtualFileSnapshot>
                <VirtualFileSnapshot>
                  <RelativePath>Drivers\STM32H7xx_HAL_Driver\Src\stm32h7xx_hal_cortex.c</RelativePath>
                </VirtualFileSnapshot>
              </Files>
            </VirtualDirectorySnapshot>
            <VirtualDirectorySnapshot>
              <Name>DMA</Name>
              <Files>
                <VirtualFileSnapshot>
                  <RelativePath>Drivers\STM32H7xx_HAL_Driver\Inc\stm32h7xx_hal_dma.h</RelativePath>
                </VirtualFileSnapshot>
                <VirtualFileSnapshot>
                  <RelativePath>Drivers\STM32H7xx_HAL_Driver\Inc\stm32h7xx_hal_dma_ex.h</RelativePath>
                </VirtualFileSnapshot>
                <VirtualFileSnapshot>
                  <RelativePath>Drivers\STM32H7xx_HAL_Driver\Src\stm32h7xx_hal_dma.c</RelativePath>
                </VirtualFileSnapshot>
                <VirtualFileSnapshot>
                  <RelativePath>Drivers\STM32H7xx_HAL_Driver\Src\stm32h7xx_hal_dma_ex.c</RelativePath>
                </VirtualFileSnapshot>
              </Files>
            </VirtualDirectorySnapshot>
            <VirtualDirectorySnapshot>
              <Name>TIM</Name>
              <Files>
                <VirtualFileSnapshot>
                  <RelativePath>Drivers\STM32H7xx_HAL_Driver\Inc\stm32h7xx_hal_tim.h</RelativePath>
                </VirtualFileSnapshot>
                <VirtualFileSnapshot>
                  <RelativePath>Drivers\STM32H7xx_HAL_Driver\Src\stm32h7xx_hal_tim.c</RelativePath>
                </VirtualFileSnapshot>
                <VirtualFileSnapshot>
                  <RelativePath>Drivers\STM32H7xx_HAL_Driver\Inc\stm32h7xx_hal_tim_ex.h</RelativePath>
                </VirtualFileSnapshot>
                <VirtualFileSnapshot>
                  <RelativePath>Drivers\STM32H7xx_HAL_Driver\Src\stm32h7xx_hal_tim_ex.c</RelativePath>
                </VirtualFileSnapshot>
              </Files>
            </VirtualDirectorySnapshot>
            <VirtualDirectorySnapshot>
              <Name>I2C</Name>
              <Files>
                <VirtualFileSnapshot>
                  <RelativePath>Drivers\STM32H7xx_HAL_Driver\Inc\stm32h7xx_hal_i2c.h</RelativePath>
                </VirtualFileSnapshot>
                <VirtualFileSnapshot>
                  <RelativePath>Drivers\STM32H7xx_HAL_Driver\Src\stm32h7xx_hal_i2c.c</RelativePath>
                </VirtualFileSnapshot>
                <VirtualFileSnapshot>
                  <RelativePath>Drivers\STM32H7xx_HAL_Driver\Inc\stm32h7xx_hal_i2c_ex.h</RelativePath>
                </VirtualFileSnapshot>
                <VirtualFileSnapshot>
                  <RelativePath>Drivers\STM32H7xx_HAL_Driver\Src\stm32h7xx_hal_i2c_ex.c</RelativePath>
                </VirtualFileSnapshot>
              </Files>
            </VirtualDirectorySnapshot>
            <VirtualDirectorySnapshot>
              <Name>USB_DEVICE</Name>
              <Files>
                <VirtualFileSnapshot>
                  <RelativePath>Middlewares\ST\STM32_USB_Device_Library\Core\Inc\usbd_core.h</RelativePath>
                </VirtualFileSnapshot>
                <VirtualFileSnapshot>
                  <RelativePath>Middlewares\ST\STM32_USB_Device_Library\Core\Inc\usbd_ctlreq.h</RelativePath>
                </VirtualFileSnapshot>
                <VirtualFileSnapshot>
                  <RelativePath>Middlewares\ST\STM32_USB_Device_Library\Core\Inc\usbd_def.h</RelativePath>
                </VirtualFileSnapshot>
                <VirtualFileSnapshot>
                  <RelativePath>Middlewares\ST\STM32_USB_Device_Library\Core\Inc\usbd_ioreq.h</RelativePath>
                </VirtualFileSnapshot>
                <VirtualFileSnapshot>
                  <RelativePath>Middlewares\ST\STM32_USB_Device_Library\Core\Src\usbd_core.c</RelativePath>
                </VirtualFileSnapshot>
                <VirtualFileSnapshot>
                  <RelativePath>Middlewares\ST\STM32_USB_Device_Library\Core\Src\usbd_ctlreq.c</RelativePath>
                </VirtualFileSnapshot>
                <VirtualFileSnapshot>
                  <RelativePath>Middlewares\ST\STM32_USB_Device_Library\Core\Src\usbd_ioreq.c</RelativePath>
                </VirtualFileSnapshot>
                <VirtualFileSnapshot>
                  <RelativePath>Middlewares\ST\STM32_USB_Device_Library\Class\CDC\Inc\usbd_cdc.h</RelativePath>
                </VirtualFileSnapshot>
                <VirtualFileSnapshot>
                  <RelativePath>Middlewares\ST\STM32_USB_Device_Library\Class\CDC\Src\usbd_cdc.c</RelativePath>
                </VirtualFileSnapshot>
              </Files>
            </VirtualDirectorySnapshot>
          </Subdirectories>
          <Files />
        </VirtualDirectorySnapshot>
      </Subdirectories>
      <Files>
        <VirtualFileSnapshot>
          <RelativePath>Inc\gpio.h</RelativePath>
        </VirtualFileSnapshot>
        <VirtualFileSnapshot>
          <RelativePath>Inc\adc.h</RelativePath>
        </VirtualFileSnapshot>
        <VirtualFileSnapshot>
          <RelativePath>Inc\dma.h</RelativePath>
        </VirtualFileSnapshot>
        <VirtualFileSnapshot>
          <RelativePath>Inc\i2c.h</RelativePath>
        </VirtualFileSnapshot>
        <VirtualFileSnapshot>
          <RelativePath>Inc\rng.h</RelativePath>
        </VirtualFileSnapshot>
        <VirtualFileSnapshot>
          <RelativePath>Inc\spi.h</RelativePath>
        </VirtualFileSnapshot>
        <VirtualFileSnapshot>
          <RelativePath>Inc\tim.h</RelativePath>
        </VirtualFileSnapshot>
        <VirtualFileSnapshot>
          <RelativePath>Inc\usart.h</RelativePath>
        </VirtualFileSnapshot>
        <VirtualFileSnapshot>
          <RelativePath>Inc\usb_device.h</RelativePath>
        </VirtualFileSnapshot>
        <VirtualFileSnapshot>
          <RelativePath>Inc\usbd_conf.h</RelativePath>
        </VirtualFileSnapshot>
        <VirtualFileSnapshot>
          <RelativePath>Inc\usbd_desc.h</RelativePath>
        </VirtualFileSnapshot>
        <VirtualFileSnapshot>
          <RelativePath>Inc\usbd_cdc_if.h</RelativePath>
        </VirtualFileSnapshot>
        <VirtualFileSnapshot>
          <RelativePath>Inc\stm32h7xx_it.h</RelativePath>
        </VirtualFileSnapshot>
        <VirtualFileSnapshot>
          <RelativePath>Inc\stm32h7xx_hal_conf.h</RelativePath>
        </VirtualFileSnapshot>
        <VirtualFileSnapshot>
          <RelativePath>Inc\main.h</RelativePath>
        </VirtualFileSnapshot>
        <VirtualFileSnapshot>
          <RelativePath>Src\gpio.c</RelativePath>
        </VirtualFileSnapshot>
        <VirtualFileSnapshot>
          <RelativePath>Src\adc.c</RelativePath>
        </VirtualFileSnapshot>
        <VirtualFileSnapshot>
          <RelativePath>Src\dma.c</RelativePath>
        </VirtualFileSnapshot>
        <VirtualFileSnapshot>
          <RelativePath>Src\i2c.c</RelativePath>
        </VirtualFileSnapshot>
        <VirtualFileSnapshot>
          <RelativePath>Src\rng.c</RelativePath>
        </VirtualFileSnapshot>
        <VirtualFileSnapshot>
          <RelativePath>Src\spi.c</RelativePath>
        </VirtualFileSnapshot>
        <VirtualFileSnapshot>
          <RelativePath>Src\tim.c</RelativePath>
        </VirtualFileSnapshot>
        <VirtualFileSnapshot>
          <RelativePath>Src\usart.c</RelativePath>
        </VirtualFileSnapshot>
        <VirtualFileSnapshot>
          <RelativePath>Src\usb_device.c</RelativePath>
        </VirtualFileSnapshot>
        <VirtualFileSnapshot>
          <RelativePath>Src\usbd_conf.c</RelativePath>
        </VirtualFileSnapshot>
        <VirtualFileSnapshot>
          <RelativePath>Src\usbd_desc.c</RelativePath>
        </VirtualFileSnapshot>
        <VirtualFileSnapshot>
          <RelativePath>Src\usbd_cdc_if.c</RelativePath>
        </VirtualFileSnapshot>
        <VirtualFileSnapshot>
          <RelativePath>Src\stm32h7xx_it.c</RelativePath>
        </VirtualFileSnapshot>
        <VirtualFileSnapshot>
          <RelativePath>Src\stm32h7xx_hal_msp.c</RelativePath>
        </VirtualFileSnapshot>
        <VirtualFileSnapshot>
          <RelativePath>Src\stm32h7xx_hal_timebase_tim.c</RelativePath>
        </VirtualFileSnapshot>
        <VirtualFileSnapshot>
          <RelativePath>Src\main.c</RelativePath>
        </VirtualFileSnapshot>
      </Files>
    </RootDirectory>
    <Configurations>
      <ImportedConfiguration>
        <IsStaticLibrary>false</IsStaticLibrary>
        <Settings>
          <IncludeDirectories>
            <string>Inc</string>
            <string>Drivers\CMSIS\Include</string>
            <string>Drivers\CMSIS\Device\ST\STM32H7xx\Include</string>
            <string>Drivers\STM32H7xx_HAL_Driver\Inc</string>
            <string>Drivers\STM32H7xx_HAL_Driver\Inc\Legacy</string>
            <string>Middlewares\ST\STM32_USB_Device_Library\Core\Inc</string>
            <string>Middlewares\ST\STM32_USB_Device_Library\Class\CDC\Inc</string>
          </IncludeDirectories>
          <PreprocessorMacros>
            <string>$$com.sysprogs.bspoptions.primary_memory$$_layout</string>
            <string>$$com.sysprogs.stm32.hal_device_family$$</string>
          </PreprocessorMacros>
          <GeneratePreprocessorOutput>false</GeneratePreprocessorOutput>
          <IsDebugConfiguration>false</IsDebugConfiguration>
        </Settings>
      </ImportedConfiguration>
    </Configurations>
  </ImportedProject>
</EmbeddedProfile>